home_suburb,near_by_suburb,postcode,distance
"sydney-nsw-2000","sydney-nsw-2000","2000",0.0
"sydney-nsw-2000","the-rocks-nsw-2000","2000",1.030573360110406
"sydney-nsw-2000","millers-point-nsw-2000","2000",1.0618801561608473
"sydney-nsw-2000","barangaroo-nsw-2000","2000",1.1293135373597798
"sydney-nsw-2000","dawes-point-nsw-2000","2000",1.335392250489566
"sydney-nsw-2000","haymarket-nsw-2000","2000",1.5865539273486076
"sydney-nsw-2000","ultimo-nsw-2007","2007",1.661252781529508
"sydney-nsw-2000","chippendale-nsw-2008","2008",2.236137343072786
"sydney-nsw-2000","darlington-nsw-2008","2008",2.978595292941762
"sydney-nsw-2000","pyrmont-nsw-2009","2009",1.6211623876914765
"sydney-nsw-2000","darlinghurst-nsw-2010","2010",1.6180198308244984
"sydney-nsw-2000","surry-hills-nsw-2010","2010",1.8380567628470241
"sydney-nsw-2000","woolloomooloo-nsw-2011","2011",0.831082512388105
"sydney-nsw-2000","potts-point-nsw-2011","2011",1.514738813596388
"sydney-nsw-2000","elizabeth-bay-nsw-2011","2011",1.745638058310249
"sydney-nsw-2000","rushcutters-bay-nsw-2011","2011",1.77928541580296
"sydney-nsw-2000","eveleigh-nsw-2015","2015",3.502340641727128
"sydney-nsw-2000","alexandria-nsw-2015","2015",4.7773529298448185
"sydney-nsw-2000","beaconsfield-nsw-2015","2015",4.928664554925201
"sydney-nsw-2000","redfern-nsw-2016","2016",2.8190523543846284
"sydney-nsw-2000","waterloo-nsw-2017","2017",3.6121253158421416
"sydney-nsw-2000","zetland-nsw-2017","2017",4.422723985979694
"sydney-nsw-2000","rosebery-nsw-2018","2018",5.64968405927891
"sydney-nsw-2000","eastlakes-nsw-2018","2018",7.022168113511575
"sydney-nsw-2000","botany-nsw-2019","2019",9.079958733389118
"sydney-nsw-2000","banksmeadow-nsw-2019","2019",9.805472757339896
"sydney-nsw-2000","mascot-nsw-2020","2020",9.07637101137974
"sydney-nsw-2000","paddington-nsw-2021","2021",2.3752556029424725
"sydney-nsw-2000","moore-park-nsw-2021","2021",3.2654269864744605
"sydney-nsw-2000","centennial-park-nsw-2021","2021",3.921059566847099
"sydney-nsw-2000","bondi-junction-nsw-2022","2022",4.646961203584161
"sydney-nsw-2000","queens-park-nsw-2022","2022",4.90543780163242
"sydney-nsw-2000","bellevue-hill-nsw-2023","2023",4.47640402227785
"sydney-nsw-2000","waverley-nsw-2024","2024",5.696239169789742
"sydney-nsw-2000","bronte-nsw-2024","2024",6.386730423011844
"sydney-nsw-2000","woollahra-nsw-2025","2025",3.7297477522600073
"sydney-nsw-2000","bondi-nsw-2026","2026",5.965586652362535
"sydney-nsw-2000","bondi-beach-nsw-2026","2026",6.310740612346062
"sydney-nsw-2000","north-bondi-nsw-2026","2026",6.5071990295503035
"sydney-nsw-2000","tamarama-nsw-2026","2026",6.6185254711353245
"sydney-nsw-2000","darling-point-nsw-2027","2027",2.416128598556638
"sydney-nsw-2000","edgecliff-nsw-2027","2027",2.7468922317329407
"sydney-nsw-2000","point-piper-nsw-2027","2027",4.01444471005138
"sydney-nsw-2000","double-bay-nsw-2028","2028",3.303363077904896
"sydney-nsw-2000","rose-bay-nsw-2029","2029",5.188782414369762
"sydney-nsw-2000","vaucluse-nsw-2030","2030",6.250634997075318
"sydney-nsw-2000","dover-heights-nsw-2030","2030",6.606354688490873
"sydney-nsw-2000","watsons-bay-nsw-2030","2030",7.322469479635256
"sydney-nsw-2000","randwick-nsw-2031","2031",6.262116514828534
"sydney-nsw-2000","clovelly-nsw-2031","2031",6.880777114739382
"sydney-nsw-2000","kingsford-nsw-2032","2032",6.666983598529554
"sydney-nsw-2000","daceyville-nsw-2032","2032",6.923790202175038
"sydney-nsw-2000","kensington-nsw-2033","2033",5.162418970280969
"sydney-nsw-2000","coogee-nsw-2034","2034",7.170140579571299
"sydney-nsw-2000","south-coogee-nsw-2034","2034",8.217422180013488
"sydney-nsw-2000","pagewood-nsw-2035","2035",7.901916376123215
"sydney-nsw-2000","maroubra-nsw-2035","2035",9.24381048252888
"sydney-nsw-2000","eastgardens-nsw-2036","2036",8.705939021451245
"sydney-nsw-2000","hillsdale-nsw-2036","2036",9.59262238952178
"sydney-nsw-2000","matraville-nsw-2036","2036",10.901463794192741
"sydney-nsw-2000","malabar-nsw-2036","2036",11.442858008262057
"sydney-nsw-2000","chifley-nsw-2036","2036",11.710233026344083
"sydney-nsw-2000","port-botany-nsw-2036","2036",12.13133332099259
"sydney-nsw-2000","phillip-bay-nsw-2036","2036",12.553898288670952
"sydney-nsw-2000","little-bay-nsw-2036","2036",13.280375174080016
"sydney-nsw-2000","la-perouse-nsw-2036","2036",14.01929955884391
"sydney-nsw-2000","glebe-nsw-2037","2037",2.4495156510551475
"sydney-nsw-2000","forest-lodge-nsw-2037","2037",3.0260987700782924
"sydney-nsw-2000","annandale-nsw-2038","2038",3.943762275613855
"sydney-nsw-2000","rozelle-nsw-2039","2039",3.316411180543238
"sydney-nsw-2000","lilyfield-nsw-2040","2040",4.529586768208164
"sydney-nsw-2000","leichhardt-nsw-2040","2040",5.208749067218082
"sydney-nsw-2000","balmain-east-nsw-2041","2041",2.054658470665746
"sydney-nsw-2000","balmain-nsw-2041","2041",2.9096137932469364
"sydney-nsw-2000","birchgrove-nsw-2041","2041",3.121301653355344
"sydney-nsw-2000","newtown-nsw-2042","2042",4.486320928936857
"sydney-nsw-2000","enmore-nsw-2042","2042",5.15868813746977
"sydney-nsw-2000","erskineville-nsw-2043","2043",4.402043590361332
"sydney-nsw-2000","st-peters-nsw-2044","2044",6.15728307757664
"sydney-nsw-2000","sydenham-nsw-2044","2044",6.657759066568774
"sydney-nsw-2000","tempe-nsw-2044","2044",7.5833248720896975
"sydney-nsw-2000","haberfield-nsw-2045","2045",6.672697794749603
"sydney-nsw-2000","rodd-point-nsw-2046","2046",6.119413460703555
"sydney-nsw-2000","russell-lea-nsw-2046","2046",6.363807911022922
"sydney-nsw-2000","chiswick-nsw-2046","2046",6.968298747416358
"sydney-nsw-2000","wareemba-nsw-2046","2046",7.274245303649713
"sydney-nsw-2000","abbotsford-nsw-2046","2046",7.646557335385704
"sydney-nsw-2000","five-dock-nsw-2046","2046",7.676622250776817
"sydney-nsw-2000","canada-bay-nsw-2046","2046",8.771712950518763
"sydney-nsw-2000","drummoyne-nsw-2047","2047",5.441678105660464
"sydney-nsw-2000","stanmore-nsw-2048","2048",5.016342349753434
"sydney-nsw-2000","petersham-nsw-2049","2049",5.82545256610345
"sydney-nsw-2000","lewisham-nsw-2049","2049",6.587956668168175
"sydney-nsw-2000","camperdown-nsw-2050","2050",3.411677602658657
"sydney-nsw-2000","mcmahons-point-nsw-2060","2060",2.575810054325319
"sydney-nsw-2000","lavender-bay-nsw-2060","2060",2.6842897657307736
"sydney-nsw-2000","waverton-nsw-2060","2060",3.2150094384459686
"sydney-nsw-2000","north-sydney-nsw-2060","2060",3.4828257957074196
"sydney-nsw-2000","milsons-point-nsw-2061","2061",2.3078847658225583
"sydney-nsw-2000","kirribilli-nsw-2061","2061",2.338729410719408
"sydney-nsw-2000","cammeray-nsw-2062","2062",5.046385593119682
"sydney-nsw-2000","northbridge-nsw-2063","2063",6.355831301033312
"sydney-nsw-2000","artarmon-nsw-2064","2064",6.64122471519724
"sydney-nsw-2000","wollstonecraft-nsw-2065","2065",4.079676202267176
"sydney-nsw-2000","crows-nest-nsw-2065","2065",4.7478062824691465
"sydney-nsw-2000","greenwich-nsw-2065","2065",4.78410340122974
"sydney-nsw-2000","st-leonards-nsw-2065","2065",5.312344855506233
"sydney-nsw-2000","naremburn-nsw-2065","2065",5.684147573026237
"sydney-nsw-2000","northwood-nsw-2066","2066",5.215106628294313
"sydney-nsw-2000","longueville-nsw-2066","2066",5.835871937136038
"sydney-nsw-2000","riverview-nsw-2066","2066",6.670557492844627
"sydney-nsw-2000","lane-cove-nsw-2066","2066",6.927390814875963
"sydney-nsw-2000","linley-point-nsw-2066","2066",7.258408003721873
"sydney-nsw-2000","lane-cove-west-nsw-2066","2066",7.977120456841917
"sydney-nsw-2000","lane-cove-north-nsw-2066","2066",8.262615346951598
"sydney-nsw-2000","chatswood-nsw-2067","2067",8.460256026613227
"sydney-nsw-2000","chatswood-west-nsw-2067","2067",9.21409551978648
"sydney-nsw-2000","willoughby-nsw-2068","2068",6.860583289708583
"sydney-nsw-2000","castlecrag-nsw-2068","2068",7.580508586890603
"sydney-nsw-2000","willoughby-east-nsw-2068","2068",7.716726246438111
"sydney-nsw-2000","north-willoughby-nsw-2068","2068",8.10742601745762
"sydney-nsw-2000","middle-cove-nsw-2068","2068",8.400305419537217
"sydney-nsw-2000","castle-cove-nsw-2069","2069",9.131126912240191
"sydney-nsw-2000","roseville-nsw-2069","2069",9.862786100553336
"sydney-nsw-2000","roseville-chase-nsw-2069","2069",10.405611161601854
"sydney-nsw-2000","lindfield-nsw-2070","2070",10.65129599998887
"sydney-nsw-2000","east-lindfield-nsw-2070","2070",11.356124047261659
"sydney-nsw-2000","killara-nsw-2071","2071",12.005353844380046
"sydney-nsw-2000","east-killara-nsw-2071","2071",12.565805150362852
"sydney-nsw-2000","gordon-nsw-2072","2072",13.27030551374979
"sydney-nsw-2000","west-pymble-nsw-2073","2073",13.750965779797738
"sydney-nsw-2000","pymble-nsw-2073","2073",15.123115968056736
"sydney-nsw-2000","south-turramurra-nsw-2074","2074",15.99116944721799
"sydney-nsw-2000","turramurra-nsw-2074","2074",16.668486815975616
"sydney-nsw-2000","warrawee-nsw-2074","2074",17.50361764853797
"sydney-nsw-2000","north-turramurra-nsw-2074","2074",20.391603175419363
"sydney-nsw-2000","st-ives-nsw-2075","2075",16.332284492911853
"sydney-nsw-2000","st-ives-chase-nsw-2075","2075",18.7985095655908
"sydney-nsw-2000","wahroonga-nsw-2076","2076",18.200920303165404
"sydney-nsw-2000","normanhurst-nsw-2076","2076",19.228272032334086
"sydney-nsw-2000","north-wahroonga-nsw-2076","2076",20.407831205744273
"sydney-nsw-2000","waitara-nsw-2077","2077",20.064460797270943
"sydney-nsw-2000","hornsby-nsw-2077","2077",21.5072515978625
"sydney-nsw-2000","asquith-nsw-2077","2077",21.64485344257043
"sydney-nsw-2000","hornsby-heights-nsw-2077","2077",25.70593368144929
"sydney-nsw-2000","mount-colah-nsw-2079","2079",23.603837930866703
"sydney-nsw-2000","mount-kuring-gai-nsw-2080","2080",25.830429575830642
"sydney-nsw-2000","berowra-nsw-2081","2081",27.24310707134876
"sydney-nsw-2000","cowan-nsw-2081","2081",33.41117807491093
"sydney-nsw-2000","berowra-heights-nsw-2082","2082",30.399883904566227
"sydney-nsw-2000","berowra-waters-nsw-2082","2082",30.533326669027772
"sydney-nsw-2000","berowra-creek-nsw-2082","2082",36.49559769846118
"sydney-nsw-2000","brooklyn-nsw-2083","2083",31.908591327240558
"sydney-nsw-2000","dangar-island-nsw-2083","2083",36.6190526912912
"sydney-nsw-2000","cogra-bay-nsw-2083","2083",38.51278997086953
"sydney-nsw-2000","mooney-mooney-nsw-2083","2083",38.61456378871544
"sydney-nsw-2000","milsons-passage-nsw-2083","2083",39.40613644271184
"sydney-nsw-2000","cheero-point-nsw-2083","2083",39.65429928899242
"sydney-nsw-2000","bar-point-nsw-2083","2083",41.2369916463206
"sydney-nsw-2000","terrey-hills-nsw-2084","2084",19.682946748298804
"sydney-nsw-2000","duffys-forest-nsw-2084","2084",21.569160219633968
"sydney-nsw-2000","ku-ring-gai-chase-nsw-2084","2084",25.358332699485675
"sydney-nsw-2000","cottage-point-nsw-2084","2084",27.659980742375105
"sydney-nsw-2000","davidson-nsw-2085","2085",14.377768274343886
"sydney-nsw-2000","belrose-nsw-2085","2085",16.274167147349687
"sydney-nsw-2000","frenchs-forest-nsw-2086","2086",13.017965757735313
"sydney-nsw-2000","killarney-heights-nsw-2087","2087",10.662149739217346
"sydney-nsw-2000","forestville-nsw-2087","2087",11.8112021590581
"sydney-nsw-2000","mosman-nsw-2088","2088",5.659649575317779
"sydney-nsw-2000","kurraba-point-nsw-2089","2089",3.1065724898204534
"sydney-nsw-2000","neutral-bay-nsw-2089","2089",3.7527610334888064
"sydney-nsw-2000","cremorne-point-nsw-2090","2090",3.277665695120886
"sydney-nsw-2000","cremorne-nsw-2090","2090",4.7537008671512115
"sydney-nsw-2000","seaforth-nsw-2092","2092",9.071221140754869
"sydney-nsw-2000","clontarf-nsw-2093","2093",7.952062922222124
"sydney-nsw-2000","balgowlah-heights-nsw-2093","2093",8.436960805831884
"sydney-nsw-2000","balgowlah-nsw-2093","2093",9.43708395290222
"sydney-nsw-2000","north-balgowlah-nsw-2093","2093",9.784555506223414
"sydney-nsw-2000","manly-vale-nsw-2093","2093",10.853057551037475
"sydney-nsw-2000","fairlight-nsw-2094","2094",10.131776692337654
"sydney-nsw-2000","manly-nsw-2095","2095",10.381166467597314
"sydney-nsw-2000","queenscliff-nsw-2096","2096",11.755732840214273
"sydney-nsw-2000","freshwater-nsw-2096","2096",12.33821078020761
"sydney-nsw-2000","curl-curl-nsw-2096","2096",13.14111574765362
"sydney-nsw-2000","wheeler-heights-nsw-2097","2097",16.851505891277064
"sydney-nsw-2000","collaroy-plateau-nsw-2097","2097",16.88116907342116
"sydney-nsw-2000","collaroy-nsw-2097","2097",17.066533171827967
"sydney-nsw-2000","north-curl-curl-nsw-2099","2099",13.844040717961924
"sydney-nsw-2000","narraweena-nsw-2099","2099",14.326016843755648
"sydney-nsw-2000","dee-why-nsw-2099","2099",14.958467157223014
"sydney-nsw-2000","cromer-nsw-2099","2099",16.214979790865026
"sydney-nsw-2000","allambie-heights-nsw-2100","2100",11.46915479394973
"sydney-nsw-2000","north-manly-nsw-2100","2100",11.841816235557294
"sydney-nsw-2000","brookvale-nsw-2100","2100",12.92464429270441
"sydney-nsw-2000","beacon-hill-nsw-2100","2100",13.631598052447483
"sydney-nsw-2000","oxford-falls-nsw-2100","2100",15.600163441618893
"sydney-nsw-2000","narrabeen-nsw-2101","2101",18.762562836112135
"sydney-nsw-2000","elanora-heights-nsw-2101","2101",19.383769508554973
"sydney-nsw-2000","north-narrabeen-nsw-2101","2101",19.992798563314242
"sydney-nsw-2000","ingleside-nsw-2101","2101",20.310311224588915
"sydney-nsw-2000","warriewood-nsw-2102","2102",21.47561680232317
"sydney-nsw-2000","mona-vale-nsw-2103","2103",22.89193071068508
"sydney-nsw-2000","bayview-nsw-2104","2104",24.17753985911204
"sydney-nsw-2000","church-point-nsw-2105","2105",24.951243121555255
"sydney-nsw-2000","elvina-bay-nsw-2105","2105",25.931393831825357
"sydney-nsw-2000","scotland-island-nsw-2105","2105",26.398012101984467
"sydney-nsw-2000","lovett-bay-nsw-2105","2105",26.921493763118693
"sydney-nsw-2000","morning-bay-nsw-2105","2105",27.68522976965151
"sydney-nsw-2000","newport-nsw-2106","2106",25.39294978172384
"sydney-nsw-2000","bilgola-plateau-nsw-2107","2107",26.639247462058133
"sydney-nsw-2000","bilgola-beach-nsw-2107","2107",27.237097297855765
"sydney-nsw-2000","clareville-nsw-2107","2107",27.36421128845276
"sydney-nsw-2000","avalon-beach-nsw-2107","2107",28.683542323298102
"sydney-nsw-2000","whale-beach-nsw-2107","2107",30.497661684793666
"sydney-nsw-2000","coasters-retreat-nsw-2108","2108",30.38304746345025
"sydney-nsw-2000","palm-beach-nsw-2108","2108",31.772898211194335
"sydney-nsw-2000","great-mackerel-beach-nsw-2108","2108",31.863549012659185
"sydney-nsw-2000","woolwich-nsw-2110","2110",4.437846388285562
"sydney-nsw-2000","hunters-hill-nsw-2110","2110",7.128172021919584
"sydney-nsw-2000","huntleys-point-nsw-2111","2111",6.831955613805838
"sydney-nsw-2000","henley-nsw-2111","2111",7.238239952251179
"sydney-nsw-2000","huntleys-cove-nsw-2111","2111",7.36711984033403
"sydney-nsw-2000","gladesville-nsw-2111","2111",8.907169757596348
"sydney-nsw-2000","tennyson-point-nsw-2111","2111",9.49355650496694
"sydney-nsw-2000","putney-nsw-2112","2112",10.634877143146344
"sydney-nsw-2000","ryde-nsw-2112","2112",11.104949835101262
"sydney-nsw-2000","denistone-east-nsw-2112","2112",13.117158454499279
"sydney-nsw-2000","east-ryde-nsw-2113","2113",9.398658293259368
"sydney-nsw-2000","north-ryde-nsw-2113","2113",10.62981189926145
"sydney-nsw-2000","macquarie-park-nsw-2113","2113",12.571500362762926
"sydney-nsw-2000","meadowbank-nsw-2114","2114",12.629884319774671
"sydney-nsw-2000","west-ryde-nsw-2114","2114",13.490809821780962
"sydney-nsw-2000","denistone-nsw-2114","2114",13.50712981263418
"sydney-nsw-2000","melrose-park-nsw-2114","2114",13.964256958414113
"sydney-nsw-2000","denistone-west-nsw-2114","2114",14.377884673489875
"sydney-nsw-2000","ermington-nsw-2115","2115",15.11785748968372
"sydney-nsw-2000","rydalmere-nsw-2116","2116",17.000784796652507
"sydney-nsw-2000","dundas-valley-nsw-2117","2117",16.52611320096871
"sydney-nsw-2000","dundas-nsw-2117","2117",17.046847117956716
"sydney-nsw-2000","telopea-nsw-2117","2117",17.52563824053006
"sydney-nsw-2000","oatlands-nsw-2117","2117",18.887048180199503
"sydney-nsw-2000","carlingford-nsw-2118","2118",18.369053300461957
"sydney-nsw-2000","cheltenham-nsw-2119","2119",17.315545044776187
"sydney-nsw-2000","beecroft-nsw-2119","2119",18.567597311371056
"sydney-nsw-2000","pennant-hills-nsw-2120","2120",19.0817670611579
"sydney-nsw-2000","thornleigh-nsw-2120","2120",20.10819155104879
"sydney-nsw-2000","westleigh-nsw-2120","2120",21.890492163540923
"sydney-nsw-2000","epping-nsw-2121","2121",16.15513164487288
"sydney-nsw-2000","north-epping-nsw-2121","2121",16.186101571864317
"sydney-nsw-2000","marsfield-nsw-2122","2122",13.963261510692593
"sydney-nsw-2000","eastwood-nsw-2122","2122",14.526695091226463
"sydney-nsw-2000","west-pennant-hills-nsw-2125","2125",21.10187859706779
"sydney-nsw-2000","cherrybrook-nsw-2126","2126",22.224809403496202
"sydney-nsw-2000","wentworth-point-nsw-2127","2127",12.982593142074794
"sydney-nsw-2000","sydney-olympic-park-nsw-2127","2127",13.621897679361199
"sydney-nsw-2000","newington-nsw-2127","2127",14.625501737689824
"sydney-nsw-2000","silverwater-nsw-2128","2128",15.673186923804364
"sydney-nsw-2000","summer-hill-nsw-2130","2130",7.294180476947235
"sydney-nsw-2000","ashfield-nsw-2131","2131",7.97909895925735
"sydney-nsw-2000","croydon-nsw-2132","2132",8.708151113274837
"sydney-nsw-2000","croydon-park-nsw-2133","2133",10.411521224309896
"sydney-nsw-2000","burwood-nsw-2134","2134",9.84194448232844
"sydney-nsw-2000","strathfield-nsw-2135","2135",11.955985093375906
"sydney-nsw-2000","burwood-heights-nsw-2136","2136",10.067796861412683
"sydney-nsw-2000","enfield-nsw-2136","2136",10.79594526977225
"sydney-nsw-2000","strathfield-south-nsw-2136","2136",12.47610496749156
"sydney-nsw-2000","cabarita-nsw-2137","2137",8.941159692470286
"sydney-nsw-2000","breakfast-point-nsw-2137","2137",9.564316987947743
"sydney-nsw-2000","concord-nsw-2137","2137",9.62064699965818
"sydney-nsw-2000","mortlake-nsw-2137","2137",10.030269865847673
"sydney-nsw-2000","north-strathfield-nsw-2137","2137",11.24805425062442
"sydney-nsw-2000","concord-west-nsw-2138","2138",11.228250500995559
"sydney-nsw-2000","rhodes-nsw-2138","2138",11.966650412851005
"sydney-nsw-2000","liberty-grove-nsw-2138","2138",12.029726004882939
"sydney-nsw-2000","homebush-nsw-2140","2140",12.096424882707803
"sydney-nsw-2000","homebush-west-nsw-2140","2140",13.20313680715091
"sydney-nsw-2000","rookwood-nsw-2141","2141",14.205667305432959
"sydney-nsw-2000","lidcombe-nsw-2141","2141",14.969496866041714
"sydney-nsw-2000","berala-nsw-2141","2141",16.314884736011972
"sydney-nsw-2000","rosehill-nsw-2142","2142",17.114686713560733
"sydney-nsw-2000","camellia-nsw-2142","2142",17.41838510220028
"sydney-nsw-2000","clyde-nsw-2142","2142",17.70452260713939
"sydney-nsw-2000","south-granville-nsw-2142","2142",18.412243193848116
"sydney-nsw-2000","granville-nsw-2142","2142",19.03857668411918
"sydney-nsw-2000","holroyd-nsw-2142","2142",19.964809998526523
"sydney-nsw-2000","potts-hill-nsw-2143","2143",16.591128462948067
"sydney-nsw-2000","regents-park-nsw-2143","2143",16.92549718922701
"sydney-nsw-2000","birrong-nsw-2143","2143",17.65376037356948
"sydney-nsw-2000","auburn-nsw-2144","2144",16.815226039700892
"sydney-nsw-2000","mays-hill-nsw-2145","2145",21.07660271338039
"sydney-nsw-2000","westmead-nsw-2145","2145",21.60951150927876
"sydney-nsw-2000","south-wentworthville-nsw-2145","2145",22.56719587872324
"sydney-nsw-2000","wentworthville-nsw-2145","2145",23.220614451313892
"sydney-nsw-2000","constitution-hill-nsw-2145","2145",23.24679543439091
"sydney-nsw-2000","pendle-hill-nsw-2145","2145",24.568809242947673
"sydney-nsw-2000","greystanes-nsw-2145","2145",25.54347061388247
"sydney-nsw-2000","girraween-nsw-2145","2145",25.70269335258165
"sydney-nsw-2000","pemulwuy-nsw-2145","2145",26.922086815136048
"sydney-nsw-2000","old-toongabbie-nsw-2146","2146",23.737827014771316
"sydney-nsw-2000","toongabbie-nsw-2146","2146",25.735948738560253
"sydney-nsw-2000","seven-hills-nsw-2147","2147",26.661172123892957
"sydney-nsw-2000","lalor-park-nsw-2147","2147",28.37083025288264
"sydney-nsw-2000","kings-langley-nsw-2147","2147",28.484500188700025
"sydney-nsw-2000","prospect-nsw-2148","2148",29.226220511150974
"sydney-nsw-2000","blacktown-nsw-2148","2148",30.09076722210373
"sydney-nsw-2000","huntingwood-nsw-2148","2148",31.165515425775833
"sydney-nsw-2000","arndell-park-nsw-2148","2148",31.281884449146453
"sydney-nsw-2000","kings-park-nsw-2148","2148",31.308254019891884
"sydney-nsw-2000","marayong-nsw-2148","2148",32.3073929420011
"sydney-nsw-2000","harris-park-nsw-2150","2150",18.96808840854715
"sydney-nsw-2000","parramatta-nsw-2150","2150",19.502002887906468
"sydney-nsw-2000","north-parramatta-nsw-2151","2151",20.0704893499656
"sydney-nsw-2000","north-rocks-nsw-2151","2151",20.747152186853413
"sydney-nsw-2000","northmead-nsw-2152","2152",22.078756971841276
"sydney-nsw-2000","winston-hills-nsw-2153","2153",23.525848761252075
"sydney-nsw-2000","baulkham-hills-nsw-2153","2153",24.96265228272798
"sydney-nsw-2000","bella-vista-nsw-2153","2153",27.416241501221855
"sydney-nsw-2000","castle-hill-nsw-2154","2154",24.94108540864886
"sydney-nsw-2000","kellyville-nsw-2155","2155",30.270190834580717
"sydney-nsw-2000","beaumont-hills-nsw-2155","2155",31.189018830875167
"sydney-nsw-2000","kellyville-ridge-nsw-2155","2155",32.386606176768055
"sydney-nsw-2000","rouse-hill-nsw-2155","2155",34.6801874005557
"melbourne-vic-3000","melbourne-vic-3000","3000",0.0
"melbourne-vic-3000","east-melbourne-vic-3002","3002",1.596461383859189
"melbourne-vic-3000","west-melbourne-vic-3003","3003",4.009594510865152
"melbourne-vic-3000","southbank-vic-3006","3006",1.1007296199741408
"melbourne-vic-3000","south-wharf-vic-3006","3006",1.728679923475408
"melbourne-vic-3000","docklands-vic-3008","3008",3.1212995389554408
"melbourne-vic-3000","footscray-vic-3011","3011",7.104679227559615
"melbourne-vic-3000","seddon-vic-3011","3011",7.339406723509482
"melbourne-vic-3000","kingsville-vic-3012","3012",8.551127759542721
"melbourne-vic-3000","west-footscray-vic-3012","3012",9.105562310383487
"melbourne-vic-3000","maidstone-vic-3012","3012",9.91779834919157
"melbourne-vic-3000","tottenham-vic-3012","3012",10.87967703791607
"melbourne-vic-3000","brooklyn-vic-3012","3012",11.555199253106009
"melbourne-vic-3000","yarraville-vic-3013","3013",7.904074459155443
"melbourne-vic-3000","spotswood-vic-3015","3015",7.486034420566831
"melbourne-vic-3000","newport-vic-3015","3015",7.995410495022065
"melbourne-vic-3000","south-kingsville-vic-3015","3015",8.939380312068627
"melbourne-vic-3000","williamstown-vic-3016","3016",8.563371620484261
"melbourne-vic-3000","williamstown-north-vic-3016","3016",9.263860451070306
"melbourne-vic-3000","seaholme-vic-3018","3018",11.888059445330613
"melbourne-vic-3000","altona-vic-3018","3018",13.660672636134983
"melbourne-vic-3000","braybrook-vic-3019","3019",11.360267427729584
"melbourne-vic-3000","sunshine-vic-3020","3020",13.023639213850123
"melbourne-vic-3000","sunshine-north-vic-3020","3020",13.97136690114545
"melbourne-vic-3000","sunshine-west-vic-3020","3020",14.41158600862636
"melbourne-vic-3000","albion-vic-3020","3020",14.754448946162105
"melbourne-vic-3000","kealba-vic-3021","3021",16.052848223740735
"melbourne-vic-3000","st-albans-vic-3021","3021",17.06268063726021
"melbourne-vic-3000","albanvale-vic-3021","3021",20.024477520557944
"melbourne-vic-3000","kings-park-vic-3021","3021",20.372782109744165
"melbourne-vic-3000","ardeer-vic-3022","3022",15.886515230055089
"melbourne-vic-3000","cairnlea-vic-3023","3023",17.637241508217073
"melbourne-vic-3000","deer-park-vic-3023","3023",18.575216890149743
"melbourne-vic-3000","burnside-vic-3023","3023",21.07125016340081
"melbourne-vic-3000","ravenhall-vic-3023","3023",21.48048781334338
"melbourne-vic-3000","burnside-heights-vic-3023","3023",21.657771164719513
"melbourne-vic-3000","caroline-springs-vic-3023","3023",23.193765500849732
"melbourne-vic-3000","mount-cottrell-vic-3024","3024",30.297127044646754
"melbourne-vic-3000","wyndham-vale-vic-3024","3024",32.502092621106144
"melbourne-vic-3000","mambourin-vic-3024","3024",37.216891222714345
"melbourne-vic-3000","altona-north-vic-3025","3025",12.63415213352
"melbourne-vic-3000","laverton-north-vic-3026","3026",16.21292227732155
"melbourne-vic-3000","williams-landing-vic-3027","3027",20.33988180423005
"melbourne-vic-3000","altona-meadows-vic-3028","3028",17.702931702705996
"melbourne-vic-3000","laverton-vic-3028","3028",18.382466383331966
"melbourne-vic-3000","seabrook-vic-3028","3028",19.567401771657718
"melbourne-vic-3000","truganina-vic-3029","3029",21.89106801565153
"melbourne-vic-3000","hoppers-crossing-vic-3029","3029",24.216423493181985
"melbourne-vic-3000","tarneit-vic-3029","3029",26.988861607577935
"melbourne-vic-3000","derrimut-vic-3030","3030",17.1181882563686
"melbourne-vic-3000","point-cook-vic-3030","3030",21.856239442570082
"melbourne-vic-3000","werribee-south-vic-3030","3030",27.070728143933064
"melbourne-vic-3000","werribee-vic-3030","3030",29.96507181600611
"melbourne-vic-3000","cocoroc-vic-3030","3030",34.41663252669698
"melbourne-vic-3000","quandong-vic-3030","3030",41.22982648248892
"melbourne-vic-3000","kensington-vic-3031","3031",5.43125441535528
"melbourne-vic-3000","flemington-vic-3031","3031",6.25653426958733
"melbourne-vic-3000","travancore-vic-3032","3032",5.973583298604568
"melbourne-vic-3000","ascot-vale-vic-3032","3032",7.164511469122476
"melbourne-vic-3000","maribyrnong-vic-3032","3032",9.59045872444121
"melbourne-vic-3000","keilor-east-vic-3033","3033",14.147624724343775
"melbourne-vic-3000","avondale-heights-vic-3034","3034",11.790881805216921
"melbourne-vic-3000","keilor-vic-3036","3036",18.300776269349278
"melbourne-vic-3000","keilor-north-vic-3036","3036",23.171571043222894
"melbourne-vic-3000","delahey-vic-3037","3037",20.816172860066786
"melbourne-vic-3000","taylors-hill-vic-3037","3037",22.891893571018272
"melbourne-vic-3000","sydenham-vic-3037","3037",23.044339554184372
"melbourne-vic-3000","calder-park-vic-3037","3037",25.076932265807987
"melbourne-vic-3000","hillside-vic-3037","3037",25.268495066655802
"melbourne-vic-3000","keilor-downs-vic-3038","3038",18.911592460772653
"melbourne-vic-3000","keilor-lodge-vic-3038","3038",20.840808756108636
"melbourne-vic-3000","taylors-lakes-vic-3038","3038",21.651781553803147
"melbourne-vic-3000","moonee-ponds-vic-3039","3039",8.263630333715279
"melbourne-vic-3000","aberfeldie-vic-3040","3040",9.895675736054319
"melbourne-vic-3000","essendon-vic-3040","3040",10.13196585189838
"melbourne-vic-3000","essendon-west-vic-3040","3040",11.154690936686439
"melbourne-vic-3000","essendon-north-vic-3041","3041",11.55349748766727
"melbourne-vic-3000","strathmore-vic-3041","3041",11.782926151301647
"melbourne-vic-3000","essendon-fields-vic-3041","3041",12.92128157277932
"melbourne-vic-3000","strathmore-heights-vic-3041","3041",14.236915717559793
"melbourne-vic-3000","niddrie-vic-3042","3042",12.491946759161552
"melbourne-vic-3000","airport-west-vic-3042","3042",14.245332178192264
"melbourne-vic-3000","keilor-park-vic-3042","3042",15.856258267103563
"melbourne-vic-3000","gowanbrae-vic-3043","3043",15.192067926263626
"melbourne-vic-3000","gladstone-park-vic-3043","3043",16.39647460725046
"melbourne-vic-3000","tullamarine-vic-3043","3043",16.989632093293338
"melbourne-vic-3000","pascoe-vale-south-vic-3044","3044",9.792895939407222
"melbourne-vic-3000","pascoe-vale-vic-3044","3044",11.823832748280841
"melbourne-vic-3000","melbourne-airport-vic-3045","3045",20.65248850073199
"melbourne-vic-3000","oak-park-vic-3046","3046",13.09413037718132
"melbourne-vic-3000","hadfield-vic-3046","3046",13.126144165741879
"melbourne-vic-3000","glenroy-vic-3046","3046",14.21419352407493
"melbourne-vic-3000","jacana-vic-3047","3047",16.39315523636137
"melbourne-vic-3000","broadmeadows-vic-3047","3047",16.764552950097976
"melbourne-vic-3000","dallas-vic-3047","3047",17.486096243384807
"melbourne-vic-3000","coolaroo-vic-3048","3048",19.479382166494986
"melbourne-vic-3000","meadow-heights-vic-3048","3048",20.145932302272215
"melbourne-vic-3000","westmeadows-vic-3049","3049",18.162303375265388
"melbourne-vic-3000","attwood-vic-3049","3049",19.432850473890174
"melbourne-vic-3000","north-melbourne-vic-3051","3051",4.0214232628363495
"melbourne-vic-3000","parkville-vic-3052","3052",4.686176641847159
"melbourne-vic-3000","carlton-vic-3053","3053",3.0648799775304556
"melbourne-vic-3000","carlton-north-vic-3054","3054",4.655371262434463
"melbourne-vic-3000","princes-hill-vic-3054","3054",5.085056404567343
"melbourne-vic-3000","brunswick-west-vic-3055","3055",7.516216514919202
"melbourne-vic-3000","brunswick-vic-3056","3056",6.787876668891062
"melbourne-vic-3000","brunswick-east-vic-3057","3057",6.5740530765851375
"melbourne-vic-3000","coburg-vic-3058","3058",9.194837367778074
"melbourne-vic-3000","coburg-north-vic-3058","3058",11.169659063437733
"melbourne-vic-3000","greenvale-vic-3059","3059",23.043836406810026
"melbourne-vic-3000","fawkner-vic-3060","3060",13.629906624991746
"melbourne-vic-3000","campbellfield-vic-3061","3061",17.957963787973963
"melbourne-vic-3000","somerton-vic-3062","3062",21.59123891821873
"melbourne-vic-3000","yuroke-vic-3063","3063",28.921234382078367
"melbourne-vic-3000","oaklands-junction-vic-3063","3063",29.946380346472168
"melbourne-vic-3000","roxburgh-park-vic-3064","3064",22.78860096437171
"melbourne-vic-3000","craigieburn-vic-3064","3064",27.69762465275601
"melbourne-vic-3000","mickleham-vic-3064","3064",31.86535960170553
"melbourne-vic-3000","donnybrook-vic-3064","3064",31.981512553031298
"melbourne-vic-3000","kalkallo-vic-3064","3064",33.4793204650756
"melbourne-vic-3000","fitzroy-vic-3065","3065",3.0268547568963706
"melbourne-vic-3000","collingwood-vic-3066","3066",3.1898873833146784
"melbourne-vic-3000","abbotsford-vic-3067","3067",3.8535306498308395
"melbourne-vic-3000","clifton-hill-vic-3068","3068",4.751897671796153
"melbourne-vic-3000","fitzroy-north-vic-3068","3068",5.03860511893509
"melbourne-vic-3000","northcote-vic-3070","3070",6.608930927627651
"melbourne-vic-3000","thornbury-vic-3071","3071",8.242813184022179
"melbourne-vic-3000","preston-vic-3072","3072",10.06510482641104
"melbourne-vic-3000","reservoir-vic-3073","3073",13.140426547452558
"melbourne-vic-3000","thomastown-vic-3074","3074",16.419479059068006
"melbourne-vic-3000","lalor-vic-3075","3075",18.176788078699463
"melbourne-vic-3000","epping-vic-3076","3076",20.792381309401254
"melbourne-vic-3000","fairfield-vic-3078","3078",6.08955926361617
"melbourne-vic-3000","alphington-vic-3078","3078",7.657514118534999
"melbourne-vic-3000","ivanhoe-vic-3079","3079",9.283110850264158
"melbourne-vic-3000","ivanhoe-east-vic-3079","3079",9.959161242914034
"melbourne-vic-3000","bellfield-vic-3081","3081",10.1549624004677
"melbourne-vic-3000","heidelberg-west-vic-3081","3081",11.758843499105966
"melbourne-vic-3000","heidelberg-heights-vic-3081","3081",11.913621984389575
"melbourne-vic-3000","mill-park-vic-3082","3082",19.948089037868925
"melbourne-vic-3000","kingsbury-vic-3083","3083",13.441202530985885
"melbourne-vic-3000","bundoora-vic-3083","3083",16.091943128378425
"melbourne-vic-3000","eaglemont-vic-3084","3084",10.90361481832315
"melbourne-vic-3000","heidelberg-vic-3084","3084",12.169786489615879
"melbourne-vic-3000","rosanna-vic-3084","3084",13.08385841669209
"melbourne-vic-3000","viewbank-vic-3084","3084",14.485182483582745
"melbourne-vic-3000","macleod-vic-3085","3085",14.983908535535708
"melbourne-vic-3000","yallambie-vic-3085","3085",15.60509524951956
"melbourne-vic-3000","watsonia-vic-3087","3087",16.458087435471885
"melbourne-vic-3000","watsonia-north-vic-3087","3087",17.737811559051593
"melbourne-vic-3000","greensborough-vic-3088","3088",18.25628673936112
"melbourne-vic-3000","briar-hill-vic-3088","3088",18.881456246937052
"melbourne-vic-3000","st-helena-vic-3088","3088",20.621661108997465
"melbourne-vic-3000","diamond-creek-vic-3089","3089",24.410030928326925
"melbourne-vic-3000","plenty-vic-3090","3090",21.792604733354874
"melbourne-vic-3000","yarrambat-vic-3091","3091",25.52790720310142
"melbourne-vic-3000","lower-plenty-vic-3093","3093",16.233312380453224
"melbourne-vic-3000","montmorency-vic-3094","3094",17.92134728528153
"melbourne-vic-3000","eltham-north-vic-3095","3095",20.793758431171057
"melbourne-vic-3000","eltham-vic-3095","3095",21.01687237037658
"melbourne-vic-3000","research-vic-3095","3095",23.41609972885108
"melbourne-vic-3000","wattle-glen-vic-3096","3096",25.91802811950313
"melbourne-vic-3000","kangaroo-ground-vic-3097","3097",27.354875763831203
"melbourne-vic-3000","bend-of-islands-vic-3097","3097",31.037624693428047
"melbourne-vic-3000","watsons-creek-vic-3097","3097",31.505618354366995
"melbourne-vic-3000","hurstbridge-vic-3099","3099",29.00023036045737
"melbourne-vic-3000","nutfield-vic-3099","3099",31.415470575025616
"melbourne-vic-3000","cottles-bridge-vic-3099","3099",32.92520769165405
"melbourne-vic-3000","arthurs-creek-vic-3099","3099",35.40095614760324
"melbourne-vic-3000","strathewen-vic-3099","3099",41.885037130774734
"melbourne-vic-3000","kew-vic-3101","3101",5.9685617106191895
"melbourne-vic-3000","kew-east-vic-3102","3102",8.082787692981512
"melbourne-vic-3000","deepdene-vic-3103","3103",8.509381805797307
"melbourne-vic-3000","balwyn-vic-3103","3103",10.001652665467645
"melbourne-vic-3000","balwyn-north-vic-3104","3104",10.798148814231235
"melbourne-vic-3000","bulleen-vic-3105","3105",12.10013234170355
"melbourne-vic-3000","templestowe-vic-3106","3106",17.42306461192268
"melbourne-vic-3000","templestowe-lower-vic-3107","3107",14.236709614972009
"melbourne-vic-3000","doncaster-vic-3108","3108",14.16033764535332
"melbourne-vic-3000","doncaster-east-vic-3109","3109",17.92486611401182
"melbourne-vic-3000","donvale-vic-3111","3111",20.125373405016127
"melbourne-vic-3000","warrandyte-vic-3113","3113",22.628943437091877
"melbourne-vic-3000","north-warrandyte-vic-3113","3113",24.2657450785903
"melbourne-vic-3000","park-orchards-vic-3114","3114",22.010561741437225
"melbourne-vic-3000","wonga-park-vic-3115","3115",27.8214582929931
"melbourne-vic-3000","chirnside-park-vic-3116","3116",31.639622844836563
"melbourne-vic-3000","cremorne-vic-3121","3121",1.9024754470506469
"melbourne-vic-3000","richmond-vic-3121","3121",2.824085277295909
"melbourne-vic-3000","burnley-vic-3121","3121",4.034403111301628
"melbourne-vic-3000","hawthorn-vic-3122","3122",5.185002793782676
"melbourne-vic-3000","hawthorn-east-vic-3123","3123",6.903488259382369
"melbourne-vic-3000","camberwell-vic-3124","3124",9.21665394395501
"melbourne-vic-3000","burwood-vic-3125","3125",12.708992460344419
"melbourne-vic-3000","canterbury-vic-3126","3126",8.939189753722221
"melbourne-vic-3000","surrey-hills-vic-3127","3127",11.257974165163985
"melbourne-vic-3000","mont-albert-vic-3127","3127",12.012128017506932
"melbourne-vic-3000","box-hill-south-vic-3128","3128",13.372819153453932
"melbourne-vic-3000","box-hill-vic-3128","3128",13.608898153549427
"melbourne-vic-3000","mont-albert-north-vic-3129","3129",12.494623932287311
"melbourne-vic-3000","box-hill-north-vic-3129","3129",14.058643151967976
"melbourne-vic-3000","blackburn-south-vic-3130","3130",15.442387367689156
"melbourne-vic-3000","blackburn-vic-3130","3130",15.87688639811759
"melbourne-vic-3000","blackburn-north-vic-3130","3130",16.331096342247303
"melbourne-vic-3000","forest-hill-vic-3131","3131",17.59822528368689
"melbourne-vic-3000","nunawading-vic-3131","3131",18.052885468633974
"melbourne-vic-3000","mitcham-vic-3132","3132",20.023474620609388
"melbourne-vic-3000","vermont-south-vic-3133","3133",19.421202461168065
"melbourne-vic-3000","vermont-vic-3133","3133",20.0688577816684
"melbourne-vic-3000","ringwood-north-vic-3134","3134",23.1840919992351
"melbourne-vic-3000","ringwood-vic-3134","3134",23.57320289337852
"melbourne-vic-3000","warrandyte-south-vic-3134","3134",25.15150943952585
"melbourne-vic-3000","warranwood-vic-3134","3134",25.25760612150888
"melbourne-vic-3000","heathmont-vic-3135","3135",24.11715342692268
"melbourne-vic-3000","ringwood-east-vic-3135","3135",24.68810642110754
"melbourne-vic-3000","croydon-hills-vic-3136","3136",26.556357244461957
"melbourne-vic-3000","croydon-south-vic-3136","3136",26.966696056808388
"melbourne-vic-3000","croydon-vic-3136","3136",27.53474149620151
"melbourne-vic-3000","croydon-north-vic-3136","3136",28.257620613833225
"melbourne-vic-3000","kilsyth-south-vic-3137","3137",29.73811583879164
"melbourne-vic-3000","kilsyth-vic-3137","3137",30.471890678882783
"melbourne-vic-3000","mooroolbark-vic-3138","3138",31.570012759390504
"melbourne-vic-3000","wandin-north-vic-3139","3139",40.6061228305151
"melbourne-vic-3000","wandin-east-vic-3139","3139",42.41133442696827
"melbourne-vic-3000","seville-vic-3139","3139",44.28030250571017
"melbourne-vic-3000","seville-east-vic-3139","3139",46.992079125201926
"melbourne-vic-3000","yellingbo-vic-3139","3139",49.39163611695831
"melbourne-vic-3000","woori-yallock-vic-3139","3139",50.38416752916279
"melbourne-vic-3000","launching-place-vic-3139","3139",53.510570026794454
"melbourne-vic-3000","hoddles-creek-vic-3139","3139",54.716604067790044
"melbourne-vic-3000","don-valley-vic-3139","3139",55.516053872476874
"melbourne-vic-3000","beenak-vic-3139","3139",58.14607812640852
"melbourne-vic-3000","lilydale-vic-3140","3140",35.87753465919616
"brisbane-city-qld-4000","brisbane-city-qld-4000","4000",0.0
"brisbane-city-qld-4000","spring-hill-qld-4000","4000",1.1875782113412663
"brisbane-city-qld-4000","petrie-terrace-qld-4000","4000",1.2440495673086684
"brisbane-city-qld-4000","new-farm-qld-4005","4005",2.3049215663718274
"brisbane-city-qld-4000","teneriffe-qld-4005","4005",2.763990928809025
"brisbane-city-qld-4000","fortitude-valley-qld-4006","4006",1.9560112292403327
"brisbane-city-qld-4000","herston-qld-4006","4006",2.2587893211722205
"brisbane-city-qld-4000","newstead-qld-4006","4006",3.16567528882028
"brisbane-city-qld-4000","bowen-hills-qld-4006","4006",3.167480750065123
"brisbane-city-qld-4000","hamilton-qld-4007","4007",5.693307046273707
"brisbane-city-qld-4000","ascot-qld-4007","4007",5.958656810367055
"brisbane-city-qld-4000","brisbane-airport-qld-4008","4008",12.395133997985159
"brisbane-city-qld-4000","pinkenba-qld-4008","4008",13.045991694268144
"brisbane-city-qld-4000","eagle-farm-qld-4009","4009",7.843449018968353
"brisbane-city-qld-4000","albion-qld-4010","4010",4.480711466477868
"brisbane-city-qld-4000","clayfield-qld-4011","4011",6.472565851917895
"brisbane-city-qld-4000","hendra-qld-4011","4011",7.441198043883752
"brisbane-city-qld-4000","nundah-qld-4012","4012",8.663887592860785
"brisbane-city-qld-4000","wavell-heights-qld-4012","4012",8.77515543973206
"brisbane-city-qld-4000","northgate-qld-4013","4013",10.147739539810608
"brisbane-city-qld-4000","virginia-qld-4014","4014",11.073295198729083
"brisbane-city-qld-4000","banyo-qld-4014","4014",11.624346182986804
"brisbane-city-qld-4000","nudgee-qld-4014","4014",12.938913470953286
"brisbane-city-qld-4000","nudgee-beach-qld-4014","4014",14.49977022975952
"brisbane-city-qld-4000","deagon-qld-4017","4017",16.190818819697817
"brisbane-city-qld-4000","shorncliffe-qld-4017","4017",16.710910439342143
"brisbane-city-qld-4000","bracken-ridge-qld-4017","4017",16.973167546506534
"brisbane-city-qld-4000","sandgate-qld-4017","4017",17.25980413223605
"brisbane-city-qld-4000","brighton-qld-4017","4017",19.533439595040054
"brisbane-city-qld-4000","fitzgibbon-qld-4018","4018",14.279134459077806
"brisbane-city-qld-4000","taigum-qld-4018","4018",14.437044599709164
"brisbane-city-qld-4000","woody-point-qld-4019","4019",24.97235512146834
"brisbane-city-qld-4000","clontarf-qld-4019","4019",25.322123544560178
"brisbane-city-qld-4000","margate-qld-4019","4019",26.434307436556004
"brisbane-city-qld-4000","redcliffe-qld-4020","4020",28.286419796950064
"brisbane-city-qld-4000","newport-qld-4020","4020",29.663956495065296
"brisbane-city-qld-4000","scarborough-qld-4020","4020",30.787648680340343
"brisbane-city-qld-4000","kippa-ring-qld-4021","4021",27.836450060174865
"brisbane-city-qld-4000","rothwell-qld-4022","4022",28.862580583367745
"brisbane-city-qld-4000","kooringal-qld-4025","4025",41.49145681776787
"brisbane-city-qld-4000","moreton-island-qld-4025","4025",49.47007001904599
"brisbane-city-qld-4000","cowan-cowan-qld-4025","4025",51.191844664048816
"brisbane-city-qld-4000","bulwer-qld-4025","4025",55.288901086964174
"brisbane-city-qld-4000","windsor-qld-4030","4030",3.970729331518943
"brisbane-city-qld-4000","lutwyche-qld-4030","4030",5.545629106311231
"brisbane-city-qld-4000","wooloowin-qld-4030","4030",5.851236774625724
"brisbane-city-qld-4000","kalinga-qld-4030","4030",7.156541751914785
"brisbane-city-qld-4000","gordon-park-qld-4031","4031",5.904540478720614
"brisbane-city-qld-4000","kedron-qld-4031","4031",7.295547190116091
"brisbane-city-qld-4000","chermside-qld-4032","4032",9.429648567626694
"brisbane-city-qld-4000","chermside-west-qld-4032","4032",9.493533669441357
"brisbane-city-qld-4000","geebung-qld-4034","4034",11.132429729238709
"brisbane-city-qld-4000","aspley-qld-4034","4034",11.574589082915317
"brisbane-city-qld-4000","zillmere-qld-4034","4034",12.451655089814734
"brisbane-city-qld-4000","carseldine-qld-4034","4034",13.783259434031606
"brisbane-city-qld-4000","boondall-qld-4034","4034",14.33553921264068
"brisbane-city-qld-4000","bridgeman-downs-qld-4035","4035",13.42814291328004
"brisbane-city-qld-4000","albany-creek-qld-4035","4035",13.98840383235783
"brisbane-city-qld-4000","bald-hills-qld-4036","4036",18.040467072699588
"brisbane-city-qld-4000","eatons-hill-qld-4037","4037",16.69209714232733
"brisbane-city-qld-4000","wilston-qld-4051","4051",3.9551456221077985
"brisbane-city-qld-4000","newmarket-qld-4051","4051",4.144535197954835
"brisbane-city-qld-4000","grange-qld-4051","4051",5.4151804060779165
"brisbane-city-qld-4000","alderley-qld-4051","4051",5.427127567573509
"brisbane-city-qld-4000","enoggera-qld-4051","4051",6.774292876784692
"brisbane-city-qld-4000","gaythorne-qld-4051","4051",7.275676351178702
"brisbane-city-qld-4000","stafford-qld-4053","4053",6.71245019570401
"brisbane-city-qld-4000","stafford-heights-qld-4053","4053",8.187663154911874
"brisbane-city-qld-4000","mitchelton-qld-4053","4053",8.399655682213185
"brisbane-city-qld-4000","everton-park-qld-4053","4053",8.566687380908714
"brisbane-city-qld-4000","everton-hills-qld-4053","4053",10.126977963974623
"brisbane-city-qld-4000","mcdowall-qld-4053","4053",10.21186128813811
"brisbane-city-qld-4000","keperra-qld-4054","4054",9.397803926731818
"brisbane-city-qld-4000","arana-hills-qld-4054","4054",10.720775786660365
"brisbane-city-qld-4000","upper-kedron-qld-4055","4055",11.602423478369378
"brisbane-city-qld-4000","ferny-grove-qld-4055","4055",11.874760123482874
"brisbane-city-qld-4000","ferny-hills-qld-4055","4055",12.933981796741714
"brisbane-city-qld-4000","bunya-qld-4055","4055",13.916449411885091
"brisbane-city-qld-4000","kelvin-grove-qld-4059","4059",2.4472478790379246
"brisbane-city-qld-4000","red-hill-qld-4059","4059",2.756807205243194
"brisbane-city-qld-4000","ashgrove-qld-4060","4060",4.827878096973628
"brisbane-city-qld-4000","the-gap-qld-4061","4061",8.28046081642954
"brisbane-city-qld-4000","milton-qld-4064","4064",1.8148241126706337
"brisbane-city-qld-4000","paddington-qld-4064","4064",2.605538835788052
"brisbane-city-qld-4000","bardon-qld-4065","4065",4.732334290112617
"brisbane-city-qld-4000","auchenflower-qld-4066","4066",2.8258166577458814
"brisbane-city-qld-4000","toowong-qld-4066","4066",3.9635660005249034
"brisbane-city-qld-4000","mount-coot-tha-qld-4066","4066",7.428377483043348
"brisbane-city-qld-4000","st-lucia-qld-4067","4067",3.8056998100837474
"brisbane-city-qld-4000","taringa-qld-4068","4068",5.122770082238969
"brisbane-city-qld-4000","indooroopilly-qld-4068","4068",5.723995206842501
"brisbane-city-qld-4000","chelmer-qld-4068","4068",6.53342951596241
"brisbane-city-qld-4000","chapel-hill-qld-4069","4069",8.016557319005297
"brisbane-city-qld-4000","fig-tree-pocket-qld-4069","4069",9.018637798878176
"brisbane-city-qld-4000","kenmore-qld-4069","4069",9.770580203453822
"brisbane-city-qld-4000","kenmore-hills-qld-4069","4069",9.800307261645772
"brisbane-city-qld-4000","brookfield-qld-4069","4069",12.204332502979003
"brisbane-city-qld-4000","pinjarra-hills-qld-4069","4069",13.752828116290456
"brisbane-city-qld-4000","pullenvale-qld-4069","4069",14.864770489803208
"brisbane-city-qld-4000","upper-brookfield-qld-4069","4069",16.926014436116382
"brisbane-city-qld-4000","bellbowrie-qld-4070","4070",16.928325327558294
"brisbane-city-qld-4000","anstead-qld-4070","4070",17.24515036731758
"brisbane-city-qld-4000","moggill-qld-4070","4070",18.90679787454645
"brisbane-city-qld-4000","seventeen-mile-rocks-qld-4073","4073",10.931921340215522
"brisbane-city-qld-4000","sinnamon-park-qld-4073","4073",10.966625355261774
"brisbane-city-qld-4000","jindalee-qld-4074","4074",11.065659046744424
"brisbane-city-qld-4000","mount-ommaney-qld-4074","4074",12.307772530933265
"brisbane-city-qld-4000","jamboree-heights-qld-4074","4074",13.019892950066643
"brisbane-city-qld-4000","sumner-qld-4074","4074",13.84739488104341
"brisbane-city-qld-4000","middle-park-qld-4074","4074",13.892645682799222
"brisbane-city-qld-4000","westlake-qld-4074","4074",13.933418675290572
"brisbane-city-qld-4000","riverhills-qld-4074","4074",15.236736754802928
"brisbane-city-qld-4000","graceville-qld-4075","4075",7.003720867039407
"brisbane-city-qld-4000","sherwood-qld-4075","4075",7.826278310318241
"brisbane-city-qld-4000","corinda-qld-4075","4075",9.165300544085177
"brisbane-city-qld-4000","oxley-qld-4075","4075",11.252071287857506
"brisbane-city-qld-4000","darra-qld-4076","4076",12.973108687140732
"brisbane-city-qld-4000","wacol-qld-4076","4076",16.588984360114754
"brisbane-city-qld-4000","durack-qld-4077","4077",13.927980959444094
"brisbane-city-qld-4000","inala-qld-4077","4077",14.363977328823259
"brisbane-city-qld-4000","richlands-qld-4077","4077",15.001278869904807
"brisbane-city-qld-4000","doolandella-qld-4077","4077",16.450352422667315
"brisbane-city-qld-4000","forest-lake-qld-4078","4078",17.808296347735254
"brisbane-city-qld-4000","ellen-grove-qld-4078","4078",18.159501262624033
"brisbane-city-qld-4000","south-brisbane-qld-4101","4101",1.1665648786269824
"brisbane-city-qld-4000","highgate-hill-qld-4101","4101",2.0581370089116944
"brisbane-city-qld-4000","west-end-qld-4101","4101",2.2302992848699486
"brisbane-city-qld-4000","dutton-park-qld-4102","4102",2.786699535274206
"brisbane-city-qld-4000","woolloongabba-qld-4102","4102",2.9463263876867964
"brisbane-city-qld-4000","fairfield-qld-4103","4103",4.076459380298465
"brisbane-city-qld-4000","annerley-qld-4103","4103",4.883218320173311
"brisbane-city-qld-4000","yeronga-qld-4104","4104",5.017242486399963
"brisbane-city-qld-4000","tennyson-qld-4105","4105",6.8270303509514685
"brisbane-city-qld-4000","yeerongpilly-qld-4105","4105",6.859636492001367
"brisbane-city-qld-4000","moorooka-qld-4105","4105",7.23751228361709
"brisbane-city-qld-4000","rocklea-qld-4106","4106",9.222658319246566
"brisbane-city-qld-4000","salisbury-qld-4107","4107",8.845557458983745
"brisbane-city-qld-4000","coopers-plains-qld-4108","4108",10.910693326857619
"brisbane-city-qld-4000","archerfield-qld-4108","4108",10.915971404267315
"brisbane-city-qld-4000","robertson-qld-4109","4109",11.143594472327925
"brisbane-city-qld-4000","macgregor-qld-4109","4109",11.577728237354595
"brisbane-city-qld-4000","sunnybank-qld-4109","4109",12.711434690471817
"brisbane-city-qld-4000","sunnybank-hills-qld-4109","4109",14.064333608315263
"brisbane-city-qld-4000","acacia-ridge-qld-4110","4110",12.731313011113665
"brisbane-city-qld-4000","willawong-qld-4110","4110",13.59505184971117
"brisbane-city-qld-4000","pallara-qld-4110","4110",16.85298530419457
"brisbane-city-qld-4000","larapinta-qld-4110","4110",19.05188044281131
"brisbane-city-qld-4000","heathwood-qld-4110","4110",19.116769248811465
"perth-wa-6000","perth-wa-6000","6000",0.0
"perth-wa-6000","northbridge-wa-6003","6003",0.653014267629607
"perth-wa-6000","highgate-wa-6003","6003",1.3306425310924628
"perth-wa-6000","east-perth-wa-6004","6004",1.581231420889138
"perth-wa-6000","west-perth-wa-6005","6005",1.4816171566067506
"perth-wa-6000","kings-park-wa-6005","6005",3.0906602647191534
"perth-wa-6000","north-perth-wa-6006","6006",2.8448250947986975
"perth-wa-6000","leederville-wa-6007","6007",2.768532967568104
"perth-wa-6000","west-leederville-wa-6007","6007",2.9754232965725627
"perth-wa-6000","subiaco-wa-6008","6008",3.462245196058433
"perth-wa-6000","daglish-wa-6008","6008",4.669165730281756
"perth-wa-6000","shenton-park-wa-6008","6008",5.124375310689372
"perth-wa-6000","crawley-wa-6009","6009",5.05586972920309
"perth-wa-6000","nedlands-wa-6009","6009",6.354875054192837
"perth-wa-6000","dalkeith-wa-6009","6009",7.782754083141691
"perth-wa-6000","karrakatta-wa-6010","6010",6.213980456970224
"perth-wa-6000","mount-claremont-wa-6010","6010",7.833121358424024
"perth-wa-6000","claremont-wa-6010","6010",8.39623892870273
"perth-wa-6000","swanbourne-wa-6010","6010",9.237266755676629
"perth-wa-6000","peppermint-grove-wa-6011","6011",10.449623113337118
"perth-wa-6000","cottesloe-wa-6011","6011",11.046174533721631
"perth-wa-6000","mosman-park-wa-6012","6012",11.500582857573754
"perth-wa-6000","wembley-wa-6014","6014",4.441454636119474
"perth-wa-6000","jolimont-wa-6014","6014",4.842617843850421
"perth-wa-6000","floreat-wa-6014","6014",6.723854119924204
"perth-wa-6000","wembley-downs-wa-6015","6015",8.558626972417942
"perth-wa-6000","city-beach-wa-6015","6015",8.874398535560465
"perth-wa-6000","mount-hawthorn-wa-6016","6016",4.076874733567124
"perth-wa-6000","glendalough-wa-6016","6016",5.113419239197556
"perth-wa-6000","herdsman-wa-6017","6017",6.333909126444619
"perth-wa-6000","osborne-park-wa-6017","6017",6.711956160425124
"perth-wa-6000","churchlands-wa-6018","6018",7.040359042611194
"perth-wa-6000","woodlands-wa-6018","6018",7.89578545950835
"perth-wa-6000","innaloo-wa-6018","6018",8.68569930918097
"perth-wa-6000","doubleview-wa-6018","6018",9.493090421690908
"perth-wa-6000","gwelup-wa-6018","6018",10.824221447435058
"perth-wa-6000","karrinyup-wa-6018","6018",11.881889422562683
"perth-wa-6000","scarborough-wa-6019","6019",10.848982909216609
"perth-wa-6000","carine-wa-6020","6020",13.165052502081474
"perth-wa-6000","north-beach-wa-6020","6020",13.7201323009389
"perth-wa-6000","watermans-bay-wa-6020","6020",14.466131467545182
"perth-wa-6000","marmion-wa-6020","6020",15.599593509065702
"perth-wa-6000","sorrento-wa-6020","6020",16.976604507837063
"perth-wa-6000","stirling-wa-6021","6021",8.631427823641642
"perth-wa-6000","balcatta-wa-6021","6021",9.375116569264693
"perth-wa-6000","hamersley-wa-6022","6022",11.929240260448461
"perth-wa-6000","duncraig-wa-6023","6023",15.297039206750807
"perth-wa-6000","warwick-wa-6024","6024",13.20853091761323
"perth-wa-6000","greenwood-wa-6024","6024",14.666840672127776
"perth-wa-6000","padbury-wa-6025","6025",18.17577316182643
"perth-wa-6000","hillarys-wa-6025","6025",18.97643041789658
"perth-wa-6000","craigie-wa-6025","6025",20.136298196236627
"perth-wa-6000","kallaroo-wa-6025","6025",20.83686704037852
"perth-wa-6000","kingsley-wa-6026","6026",16.55131162319605
"perth-wa-6000","woodvale-wa-6026","6026",18.85961569807542
"perth-wa-6000","beldon-wa-6027","6027",21.43294066995603
"perth-wa-6000","edgewater-wa-6027","6027",21.922358321157855
"perth-wa-6000","mullaloo-wa-6027","6027",21.950539707081624
"perth-wa-6000","heathridge-wa-6027","6027",22.650131495982905
"perth-wa-6000","ocean-reef-wa-6027","6027",24.18276308730223
"perth-wa-6000","connolly-wa-6027","6027",24.710000788219773
"perth-wa-6000","joondalup-wa-6027","6027",24.826468932926797
"perth-wa-6000","currambine-wa-6028","6028",26.43378322642893
"perth-wa-6000","iluka-wa-6028","6028",26.918465554588796
"perth-wa-6000","kinross-wa-6028","6028",28.155189305849525
"perth-wa-6000","burns-beach-wa-6028","6028",28.6225547697039
"perth-wa-6000","trigg-wa-6029","6029",12.630970690647914
"perth-wa-6000","tamala-park-wa-6030","6030",29.993505651985977
"perth-wa-6000","clarkson-wa-6030","6030",31.926842232953245
"perth-wa-6000","mindarie-wa-6030","6030",32.41624560210171
"perth-wa-6000","merriwa-wa-6030","6030",34.56568564780479
"perth-wa-6000","ridgewood-wa-6030","6030",34.62840190658052
"perth-wa-6000","quinns-rocks-wa-6030","6030",35.17479427729248
"perth-wa-6000","banksia-grove-wa-6031","6031",28.166791977664744
"perth-wa-6000","carramar-wa-6031","6031",28.590715669624036
"perth-wa-6000","neerabup-wa-6031","6031",30.17121168228474
"perth-wa-6000","nowergup-wa-6032","6032",36.32725865659093
"perth-wa-6000","carabooda-wa-6033","6033",41.822145393413585
"perth-wa-6000","eglinton-wa-6034","6034",44.429613526095565
"perth-wa-6000","yanchep-wa-6035","6035",47.727978217060645
"perth-wa-6000","butler-wa-6036","6036",37.04594838496552
"perth-wa-6000","jindalee-wa-6036","6036",38.00873564695131
"perth-wa-6000","two-rocks-wa-6037","6037",56.29586726532799
"perth-wa-6000","alkimos-wa-6038","6038",40.843658552557976
"perth-wa-6000","wilbinga-wa-6041","6041",65.27588995691028
"perth-wa-6000","woodridge-wa-6041","6041",73.04023384476292
"perth-wa-6000","caraban-wa-6041","6041",73.38674590832196
"perth-wa-6000","guilderton-wa-6041","6041",75.76736074225248
"perth-wa-6000","gabbadah-wa-6041","6041",80.71380788888436
"perth-wa-6000","seabird-wa-6042","6042",85.3572044905936
"perth-wa-6000","breton-bay-wa-6043","6043",91.19368440318571
"perth-wa-6000","ledge-point-wa-6043","6043",104.51451543970755
"perth-wa-6000","karakin-wa-6044","6044",105.40787527092179
"perth-wa-6000","lancelin-wa-6044","6044",113.55963145582128
"perth-wa-6000","nilgen-wa-6044","6044",118.54634883293757
"perth-wa-6000","wedge-island-wa-6044","6044",141.20652458269402
"perth-wa-6000","mount-lawley-wa-6050","6050",2.4645453871749616
"perth-wa-6000","menora-wa-6050","6050",3.3026319369172663
"perth-wa-6000","coolbinia-wa-6050","6050",3.9837711655474752
"adelaide-sa-5000","adelaide-sa-5000","5000",0.0
"adelaide-sa-5000","north-adelaide-sa-5006","5006",1.9369314932020962
"adelaide-sa-5000","bowden-sa-5007","5007",3.2523169324383883
"adelaide-sa-5000","hindmarsh-sa-5007","5007",3.495747502462665
"adelaide-sa-5000","brompton-sa-5007","5007",3.799893573167146
"adelaide-sa-5000","west-hindmarsh-sa-5007","5007",4.129038208069974
"adelaide-sa-5000","welland-sa-5007","5007",4.567963393579885
"adelaide-sa-5000","ridleyton-sa-5008","5008",4.433614655256176
"adelaide-sa-5000","renown-park-sa-5008","5008",4.4480343305915575
"adelaide-sa-5000","devon-park-sa-5008","5008",4.650619641963933
"adelaide-sa-5000","croydon-sa-5008","5008",4.733065228408485
"adelaide-sa-5000","dudley-park-sa-5008","5008",5.464419521497187
"adelaide-sa-5000","west-croydon-sa-5008","5008",5.575527256437013
"adelaide-sa-5000","croydon-park-sa-5008","5008",5.90036521640932
"adelaide-sa-5000","allenby-gardens-sa-5009","5009",4.994223811262824
"adelaide-sa-5000","beverley-sa-5009","5009",6.065544998155866
"adelaide-sa-5000","kilkenny-sa-5009","5009",6.625047457174845
"adelaide-sa-5000","ferryden-park-sa-5010","5010",7.292158418653372
"adelaide-sa-5000","regency-park-sa-5010","5010",7.47946732864071
"adelaide-sa-5000","angle-park-sa-5010","5010",8.524595333139144
"adelaide-sa-5000","woodville-park-sa-5011","5011",6.9838449628647945
"adelaide-sa-5000","woodville-south-sa-5011","5011",7.2169379367111155
"adelaide-sa-5000","woodville-sa-5011","5011",7.820405198894543
"adelaide-sa-5000","woodville-west-sa-5011","5011",8.311498221984236
"adelaide-sa-5000","st-clair-sa-5011","5011",8.507356201717608
"adelaide-sa-5000","woodville-gardens-sa-5012","5012",7.8567990058738415
"adelaide-sa-5000","woodville-north-sa-5012","5012",8.48210401255684
"adelaide-sa-5000","mansfield-park-sa-5012","5012",8.890292298833439
"adelaide-sa-5000","athol-park-sa-5012","5012",9.370238856413462
"adelaide-sa-5000","pennington-sa-5013","5013",9.82391733708096
"adelaide-sa-5000","wingfield-sa-5013","5013",10.113407117836418
"adelaide-sa-5000","ottoway-sa-5013","5013",10.552842700449583
"adelaide-sa-5000","rosewater-sa-5013","5013",10.906033910725185
"adelaide-sa-5000","gillman-sa-5013","5013",12.554175436901403
"adelaide-sa-5000","albert-park-sa-5014","5014",8.978987142641017
"adelaide-sa-5000","cheltenham-sa-5014","5014",9.55528281631518
"adelaide-sa-5000","hendon-sa-5014","5014",9.628919437804807
"adelaide-sa-5000","royal-park-sa-5014","5014",10.552317114536935
"adelaide-sa-5000","alberton-sa-5014","5014",10.673268350810346
"adelaide-sa-5000","queenstown-sa-5014","5014",10.853463831312393
"adelaide-sa-5000","port-adelaide-sa-5015","5015",12.97222115656953
"adelaide-sa-5000","new-port-sa-5015","5015",12.99814960300096
"adelaide-sa-5000","ethelton-sa-5015","5015",13.259737549317796
"adelaide-sa-5000","glanville-sa-5015","5015",13.515124107562642
"adelaide-sa-5000","birkenhead-sa-5015","5015",13.536613010973838
"adelaide-sa-5000","peterhead-sa-5016","5016",14.027731249180672
"adelaide-sa-5000","largs-bay-sa-5016","5016",14.547402830515267
"adelaide-sa-5000","largs-north-sa-5016","5016",15.170813040750591
"adelaide-sa-5000","taperoo-sa-5017","5017",16.09148071161661
"adelaide-sa-5000","osborne-sa-5017","5017",16.981438748428285
"adelaide-sa-5000","outer-harbor-sa-5017","5017",18.853645092978386
"adelaide-sa-5000","north-haven-sa-5018","5018",18.48190862777379
"adelaide-sa-5000","semaphore-park-sa-5019","5019",12.781948562505203
"adelaide-sa-5000","exeter-sa-5019","5019",13.959528987245932
"adelaide-sa-5000","semaphore-south-sa-5019","5019",13.972418260119142
"adelaide-sa-5000","semaphore-sa-5019","5019",14.453248780920305
"adelaide-sa-5000","west-lakes-shore-sa-5020","5020",12.226341071528557
"adelaide-sa-5000","west-lakes-sa-5021","5021",11.306692687235447
"adelaide-sa-5000","henley-beach-south-sa-5022","5022",9.063482629265353
"adelaide-sa-5000","henley-beach-sa-5022","5022",9.41463909127484
"adelaide-sa-5000","grange-sa-5022","5022",10.120140777233
"adelaide-sa-5000","tennyson-sa-5022","5022",11.365170773890306
"adelaide-sa-5000","findon-sa-5023","5023",6.725530761428874
"adelaide-sa-5000","seaton-sa-5023","5023",8.732310198918078
"adelaide-sa-5000","fulham-sa-5024","5024",7.901320687073478
"adelaide-sa-5000","fulham-gardens-sa-5024","5024",8.069636695447484
"adelaide-sa-5000","west-beach-sa-5024","5024",8.779789399675126
"adelaide-sa-5000","flinders-park-sa-5025","5025",5.457526657048866
"adelaide-sa-5000","kidman-park-sa-5025","5025",6.886977531007833
"adelaide-sa-5000","mile-end-south-sa-5031","5031",2.718015107269777
"adelaide-sa-5000","mile-end-sa-5031","5031",2.827180370629011
"adelaide-sa-5000","thebarton-sa-5031","5031",2.8952399078320696
"adelaide-sa-5000","torrensville-sa-5031","5031",3.686233025836709
"adelaide-sa-5000","underdale-sa-5032","5032",4.8047269666617
"adelaide-sa-5000","brooklyn-park-sa-5032","5032",5.248776073771575
"adelaide-sa-5000","lockleys-sa-5032","5032",6.368239490239203
"adelaide-sa-5000","hilton-sa-5033","5033",3.2618016137158046
"adelaide-sa-5000","richmond-sa-5033","5033",3.8135998619863405
"adelaide-sa-5000","cowandilla-sa-5033","5033",4.06460086811642
"adelaide-sa-5000","marleston-sa-5033","5033",4.140180036183767
"adelaide-sa-5000","west-richmond-sa-5033","5033",4.86226757130707
"adelaide-sa-5000","wayville-sa-5034","5034",2.2803399764414793
"adelaide-sa-5000","goodwood-sa-5034","5034",2.950132791120571
"adelaide-sa-5000","millswood-sa-5034","5034",3.6466770783124396
"adelaide-sa-5000","kings-park-sa-5034","5034",4.114714286641387
"adelaide-sa-5000","clarence-park-sa-5034","5034",4.5610234573509505
"adelaide-sa-5000","keswick-terminal-sa-5035","5035",2.3169527577181173
"adelaide-sa-5000","keswick-sa-5035","5035",2.983162218657674
"adelaide-sa-5000","forestville-sa-5035","5035",3.3676891863385165
"adelaide-sa-5000","ashford-sa-5035","5035",3.493791119412334
"adelaide-sa-5000","everard-park-sa-5035","5035",3.9252301346723506
"adelaide-sa-5000","black-forest-sa-5035","5035",4.454146350503185
"adelaide-sa-5000","kurralta-park-sa-5037","5037",4.259322865105656
"adelaide-sa-5000","glandore-sa-5037","5037",4.864672118332659
"adelaide-sa-5000","netley-sa-5037","5037",5.38620986932482
"adelaide-sa-5000","north-plympton-sa-5037","5037",5.661976095145865
"adelaide-sa-5000","plympton-sa-5038","5038",5.735916363472379
"adelaide-sa-5000","south-plympton-sa-5038","5038",6.410876502331152
"adelaide-sa-5000","plympton-park-sa-5038","5038",7.089830675048249
"adelaide-sa-5000","camden-park-sa-5038","5038",7.098416164284527
"adelaide-sa-5000","clarence-gardens-sa-5039","5039",5.599975861146721
"adelaide-sa-5000","edwardstown-sa-5039","5039",6.7076922920495985
"adelaide-sa-5000","melrose-park-sa-5039","5039",6.913497660362265
"adelaide-sa-5000","novar-gardens-sa-5040","5040",7.925023824556711
